robot,run,ate_origin_trans_rmse[m],ate_origin_trans_max[m],ate_origin_rot_rmse_deg[deg],ate_origin_rot_max_deg[deg],ate_umeyama_trans_rmse[m],ate_opt_trans_rmse[m],ate_opt_trans_mean[m],ate_opt_trans_max[m],ate_opt_n_poses[count],rpe_trans_rmse[m/m],rpe_rot_rmse_deg[deg/m],final_drift_m[m],drift_pct_of_distance[%],gt_distance_m[m],duration_s[s],tracking_losses[count],relocalizations[count],loop_closures_total[count],loop_closures_true[count],loop_closures_false[count],proximity_total[count],proximity_true[count],proximity_false[count],pitch_std_deg[deg],roll_std_deg[deg],pitch_max_deg[deg],vibration_rms[m/s^2],gt_yaw_offset_deg[deg],accel_z_max[m/s^2]
Differential,run01,4.286565259492849,8.727346345072505,14.240447169250107,27.5983976299669,1.3624127324658308,0.19211581174538517,0.18301203661805074,0.44877697725313737,633,0.07901773804148447,2.4702754203964346,3.1977763769737853,1.170652534473092,273.16187193094805,646.38,0,0,0,0,0,521,459,0,8.956929599630651,6.126556528700715,34.27257766250609,1.5976214264872173,1.1309552261160687,172.88896116554878
Differential,run02,4.058889953881646,7.965713086235185,11.866572798465988,24.574843882568327,0.9779879977903402,0.18528825741805177,0.1779291959462673,0.33810091302134176,604,0.06928300690119531,2.0247413891211563,1.619940244390464,0.6048953867121304,267.8050254599467,615.98,0,0,0,0,0,494,463,0,8.86273391484604,6.226496500452595,33.07154806997531,1.5703961863819087,0.5814965741647353,184.71543142195367
Differential,run03,4.3966249496295084,8.839718822801277,11.541516715016288,25.871723400776382,1.3414259301498235,0.1797028781766513,0.17106778594676728,0.3459242811505596,624,0.07231412351006311,2.095197679231067,1.3289379758731068,0.4917971466403924,270.22075767447285,642.34,0,0,0,0,0,517,477,0,8.898988732536708,6.020605917401171,33.9391511736172,1.8698192781421936,0.42010122956606205,198.70916325373335
Differential,run04,4.744558950402971,10.326058632542793,16.407455222880355,35.87542077207322,1.3979345302570136,0.16746943186610588,0.15974862155635394,0.3016981680274843,626,0.07322542604479132,2.2540843905173293,2.2505297599419305,0.8312313535161382,270.74649559621514,639.5400000000001,0,0,0,0,0,518,475,0,8.941134452250106,6.023411787726675,32.880885707134205,1.7361715550900396,0.5557042655522061,154.077663402721
Differential,run05,5.106213882265415,10.336475539324672,12.163087637374657,28.543908219914215,1.479857502884352,0.17606484380915893,0.1689313378018184,0.33053688619292165,624,0.07292685983300168,2.088041410593123,2.4310695390058648,0.8963688649337743,271.21307244261294,632.98,0,0,0,0,0,512,468,0,8.934675191152285,5.929496440881597,34.02552202999312,1.5602080078652725,0.563211406460785,188.16146685255464
Tracked,run01,5.154443048841155,8.336708046492657,10.976916744032005,27.673702125351618,1.2231924077953515,0.1667013541243392,0.15941139056971007,0.28222207597968174,565,0.0760305814385289,1.9259362568335678,4.549414518692375,1.7031478150071282,267.1180081144827,567.62,0,0,0,0,0,447,400,0,9.041450439486171,6.137816626530094,34.661291157441156,4.52717736609894,0.050971623936581646,317.59631918250795
Tracked,run02,3.9429193899550303,6.806240279887047,10.548980496117052,25.36026379067881,0.573412186904857,0.17787376294836174,0.17181145594045943,0.330585349710771,565,0.07803824499721905,1.9270557793887897,1.2781067848219327,0.47845741300622613,267.1307309863544,568.24,0,0,0,0,0,445,398,0,9.035718666639802,6.144527645993882,34.94302013168934,4.541911619089267,0.06274395843016752,366.36483684819365
Tracked,run03,3.250963823219503,5.971765115521393,10.81706354662925,28.252006675415476,0.6550486071606185,0.17667408802952259,0.17067425868781194,0.3579326515451911,565,0.0775739789452305,1.9372236580394864,1.4407650970630634,0.5393072319200921,267.1510804580752,568.1,0,0,0,0,0,444,405,0,9.048667717018208,6.14218647919281,36.51688570127304,4.486810032981694,0.04816712510298676,156.94762566436557
Tracked,run04,4.284590440125292,7.310651233693276,11.814562524181547,30.126347712549045,0.5882435139408895,0.1649268658121926,0.15849658056995367,0.33702518241703205,566,0.07658109369208724,1.8991864766450903,1.5986073233033697,0.5983706628709629,267.1600435143836,568.44,0,0,0,0,0,449,407,0,9.021806605490127,6.141286674295736,36.15237098057341,4.464062932909979,0.08016058497068715,123.5277219758288
Tracked,run05,3.9016017051121508,7.580681209822923,12.692819470829932,27.56175633563255,0.5075299434746932,0.16416908015109474,0.1575245752636196,0.3363746901830874,567,0.0779617107342447,1.9124349559476126,1.3119008864468966,0.49085368123148015,267.26923655854614,570.58,0,0,0,0,0,450,407,0,9.045844163224036,6.136543419471034,35.72113032891688,4.4523763604419155,0.0905275998503308,302.91174565466656
Rocker–bogie,run01,2.5413289029015877,6.471938193056278,8.539470316262827,16.47600142759397,1.087714035458991,0.1670582247048847,0.15582236991247408,0.30775883932848147,565,0.06579562807885968,2.015498713149432,5.376235111874367,2.019821597633887,266.1737609981168,575.42,0,0,0,0,0,452,405,0,8.528329979507191,6.105007741807474,30.091370200098908,0.8618951733251848,0.16115182777050133,24.432662032187825
Rocker–bogie,run02,1.8485746086976758,4.6629894197614306,6.393908958384065,13.419479421499618,0.9307420201228381,0.16847104823218104,0.15772024650051952,0.29469526310112887,564,0.06547814603672487,2.010981550808519,3.8811578892402667,1.458015944045866,266.19447510775467,574.421,0,0,0,0,0,452,406,0,8.545719136661821,6.086922185262707,30.064111671676862,0.8514776504969866,0.1362926880441273,22.388766802495738
Rocker–bogie,run03,2.4982975163036207,6.6719761433034614,8.023245306310487,15.925699552612928,1.3190990015532265,0.16735839066293287,0.157210786945408,0.29253577078119347,565,0.0661327359358109,1.9924373058818194,5.240164209966716,1.96909398029231,266.12057435617265,574.8399999999999,0,0,0,0,0,452,406,0,8.542217046314079,6.096386390523783,30.08400960104021,0.8547504098088352,0.15400339302615457,25.386869928200873
Rocker–bogie,run04,1.6134474877293008,3.4072164438657455,5.996536442196011,12.709702588192647,0.768052853253145,0.16295337891990302,0.15293266570347813,0.3025280607333511,565,0.06598429182009825,1.974901181158192,2.7020130169528778,1.0154103994889159,266.1005853704941,574.1605,0,0,0,0,0,451,404,0,8.546594195189789,6.086356406267871,30.231716791938187,0.8671962486944093,0.16111019402638435,30.20457273612766
Rocker–bogie,run05,1.5211272540298564,2.6880630432133543,5.352532735125314,11.170323513157298,0.7512559402643266,0.16541068160404712,0.15503101895885157,0.287859178973989,563,0.06643416034911791,1.967850354714472,2.1363192345441533,0.8028139499767926,266.10390048726845,572.9805,0,0,0,0,0,448,403,0,8.55395205909964,6.090257976387679,30.20412756575561,0.8539723318654453,0.1550797043764506,22.578066172966604
