robot,metric,unit,mean,std,n_runs
Differential,ATE translational RMSE,m,4.527633688851749,0.41188345331700243,5
Tracked,ATE translational RMSE,m,4.115273050063182,0.6938009989844727,5
Rocker–bogie,ATE translational RMSE,m,1.9966567266276898,0.4857840488015844,5
Differential,ATE translational max,m,9.24446233817259,1.0533397181573636,5
Tracked,ATE translational max,m,7.20649856057709,0.8839351849283732,5
Rocker–bogie,ATE translational max,m,4.775827514702372,1.7850634714246552,5
Differential,ATE rotational RMSE,deg,13.229443543497315,2.0594071424891416,5
Tracked,ATE rotational RMSE,deg,11.354202885331059,0.8795281169677336,5
Rocker–bogie,ATE rotational RMSE,deg,6.824079596696436,1.3667748756013975,5
Differential,ATE rotational max,deg,24.969951105540595,3.7808873729997527,5
Tracked,ATE rotational max,deg,25.4792117764152,2.1340838388968013,5
Rocker–bogie,ATE rotational max,deg,12.652812457472816,2.087102473634101,5
Differential,ATE trans. RMSE (aligned),m,1.3123482671482312,0.19396481648145927,5
Tracked,ATE trans. RMSE (aligned),m,0.7098642334756322,0.2921576367474349,5
Rocker–bogie,ATE trans. RMSE (aligned),m,0.9716843477756891,0.23758470253614858,5
Differential,ATE optimised graph RMSE,m,0.18012824460307061,0.009317526506005987,5
Tracked,ATE optimised graph RMSE,m,0.17006903021310218,0.0066545689102690524,5
Rocker–bogie,ATE optimised graph RMSE,m,0.16625034482478976,0.002144001959300716,5
Differential,ATE optimised graph mean,m,0.17213779557385153,0.008898136903906994,5
Tracked,ATE optimised graph mean,m,0.16358365220631094,0.007035124962612744,5
Rocker–bogie,ATE optimised graph mean,m,0.15574341760414626,0.001902307599543822,5
Differential,ATE optimised graph max,m,0.3530074451290889,0.05608419369634861,5
Tracked,ATE optimised graph max,m,0.3288279899671527,0.02804651273178951,5
Rocker–bogie,ATE optimised graph max,m,0.29707542258362885,0.007985602670708714,5
Differential,Optimised graph poses,count,622.2,10.825894882179487,5
Tracked,Optimised graph poses,count,565.6,0.8944271909999159,5
Rocker–bogie,Optimised graph poses,count,564.4,0.8944271909999159,5
Differential,RPE translational RMSE,m/m,0.06995343299129346,0.0035395290444682473,5
Tracked,RPE translational RMSE,m/m,0.0746824757188789,0.0008703377163884248,5
Rocker–bogie,RPE translational RMSE,m/m,0.06255761235425668,0.0003483264184006029,5
Differential,RPE rotational RMSE,deg/m,1.8542843947020962,0.13683788658666002,5
Tracked,RPE rotational RMSE,deg/m,1.5995237248552092,0.0052537313487973835,5
Rocker–bogie,RPE rotational RMSE,deg/m,1.7357227552812593,0.01779134210790636,5
Differential,Final drift,m,2.165940337122886,0.7315813292370474,5
Tracked,Final drift,m,2.0364263658607227,1.4105897762524493,5
Rocker–bogie,Final drift,m,3.8672688255020744,1.4590947247532737,5
Differential,Drift / distance,%,0.7990964584984235,0.26490561422354014,5
Tracked,Drift / distance,%,0.7622771824916716,0.5281304607804649,5
Rocker–bogie,Drift / distance,%,1.4530653419013528,0.5481478703064048,5
Differential,Distance travelled (GT),m,270.62944462083914,1.9307951122993923,5
Tracked,Distance travelled (GT),m,267.1658199263685,0.06013073619013446,5
Rocker–bogie,Distance travelled (GT),m,266.13865926396136,0.04281471116843639,5
Differential,Run duration,s,635.4440000000001,11.925253875704284,5
Tracked,Run duration,s,568.596,1.1495564361961648,5
Rocker–bogie,Run duration,s,574.3643999999999,0.9083563039908736,5
Differential,Tracking losses,count,0.0,0.0,5
Tracked,Tracking losses,count,0.0,0.0,5
Rocker–bogie,Tracking losses,count,0.0,0.0,5
Differential,Relocalizations,count,0.0,0.0,5
Tracked,Relocalizations,count,0.0,0.0,5
Rocker–bogie,Relocalizations,count,0.0,0.0,5
Differential,Loop closures reported,count,0.0,0.0,5
Tracked,Loop closures reported,count,0.0,0.0,5
Rocker–bogie,Loop closures reported,count,0.0,0.0,5
Differential,Loop closures true pos.,count,0.0,0.0,5
Tracked,Loop closures true pos.,count,0.0,0.0,5
Rocker–bogie,Loop closures true pos.,count,0.0,0.0,5
Differential,Loop closures false pos.,count,0.0,0.0,5
Tracked,Loop closures false pos.,count,0.0,0.0,5
Rocker–bogie,Loop closures false pos.,count,0.0,0.0,5
Differential,Proximity detections,count,512.4,10.784247771634329,5
Tracked,Proximity detections,count,447.0,2.5495097567963922,5
Rocker–bogie,Proximity detections,count,451.0,1.7320508075688772,5
Differential,Proximity true pos.,count,468.4,7.6681158050723255,5
Tracked,Proximity true pos.,count,403.4,4.159326868617084,5
Rocker–bogie,Proximity true pos.,count,404.8,1.3038404810405297,5
Differential,Proximity false pos.,count,0.0,0.0,5
Tracked,Proximity false pos.,count,0.0,0.0,5
Rocker–bogie,Proximity false pos.,count,0.0,0.0,5
Differential,Pitch std,deg,8.918892378083159,0.0378832594092353,5
Tracked,Pitch std,deg,9.038697518371668,0.010632902519682384,5
Rocker–bogie,Pitch std,deg,8.543362483354505,0.00942636049321564,5
Differential,Roll std,deg,6.065313435032551,0.11394237927583842,5
Tracked,Roll std,deg,6.140472169096711,0.0032609872214052925,5
Rocker–bogie,Roll std,deg,6.092986140049903,0.007814224317748978,5
Differential,Pitch max abs,deg,33.63793692864518,0.6200088677698665,5
Tracked,Pitch max abs,deg,35.59893965997877,0.7863295846559749,5
Rocker–bogie,Pitch max abs,deg,30.135067166101955,0.07691142787587071,5
Differential,Vibration RMS,m/s^2,1.6668432907933262,0.13366979247678665,5
Tracked,Vibration RMS,m/s^2,4.494467662304359,0.038973126339189035,5
Rocker–bogie,Vibration RMS,m/s^2,0.8578583628381724,0.0064993470807974746,5
Differential,GT yaw offset removed,deg,0.6898169650229553,0.27236879090183297,5
Tracked,GT yaw offset removed,deg,0.11214390332000054,0.018344493042590556,5
Rocker–bogie,GT yaw offset removed,deg,0.201511796913235,0.010314275597492983,5
Differential,Peak |a_z - g|,m/s^2,179.7105372193023,17.03667432919348,5
Tracked,Peak |a_z - g|,m/s^2,253.46964986511247,106.65772308785738,5
Rocker–bogie,Peak |a_z - g|,m/s^2,24.998187534395736,3.171884452727979,5
