timestamp[s],event[-],detail[-],gt_x[m],gt_y[m],gt_distance[m]
44.845,proximity_detection,id=6 verdict=true gt_gap=14.049m,47.87451973511234,-0.8269049350046325,14.5659767029191
45.868,proximity_detection,id=7 verdict=true gt_gap=13.962m,48.25101937025577,-0.9896010663464236,14.976264060919055
46.981,proximity_detection,id=8 verdict=true gt_gap=13.894m,48.685800456631405,-1.2439996721129234,15.480258184929204
47.9735,proximity_detection,id=9 verdict=true gt_gap=13.785m,49.037156766561715,-1.4419359285514934,15.884133869324407
48.957,proximity_detection,id=10 verdict=true gt_gap=13.748m,49.437181008302865,-1.6432507638480491,16.3325639890097
50.0745,proximity_detection,id=11 verdict=true gt_gap=13.707m,49.84197416163926,-1.870086565119085,16.796739291146576
51.1735,proximity_detection,id=12 verdict=true gt_gap=13.682m,50.242089262782294,-2.150246535348859,17.285439221104507
52.183,proximity_detection,id=13 verdict=true gt_gap=13.567m,50.56470431250571,-2.4204269718678026,17.70634126328442
53.1965,proximity_detection,id=14 verdict=true gt_gap=13.522m,50.9309872899895,-2.702975570160168,18.16933385629326
54.197,proximity_detection,id=15 verdict=true gt_gap=13.442m,51.26389843174896,-2.93778522520581,18.57714446067308
55.218,proximity_detection,id=16 verdict=true gt_gap=13.309m,51.561835446727976,-3.184521929540487,18.964438437330337
76.9865,proximity_detection,id=37 verdict=true gt_gap=12.958m,55.42906654049541,-11.777702902370208,28.649756976422932
77.994,proximity_detection,id=38 verdict=true gt_gap=12.850m,55.428536292435716,-12.182774863732064,29.056022487448
79.099,proximity_detection,id=39 verdict=true gt_gap=12.916m,55.42627158639549,-12.666515070589151,29.540500060301472
81.099,proximity_detection,id=41 verdict=true gt_gap=12.940m,55.34260272892215,-13.582230224134074,30.460454534468667
82.202,proximity_detection,id=42 verdict=true gt_gap=12.983m,55.31851594651794,-14.099666157229132,30.978639160651905
83.1925,proximity_detection,id=43 verdict=true gt_gap=13.008m,55.29077408603102,-14.539023668152627,31.419391527980988
84.2,proximity_detection,id=44 verdict=true gt_gap=13.040m,55.25472535268316,-15.005677347723562,31.887695273561985
85.2085,proximity_detection,id=45 verdict=true gt_gap=13.160m,55.21343342848893,-15.491598906013376,32.375611237069165
86.1525,proximity_detection,id=46 verdict=true gt_gap=13.257m,55.17875036717335,-15.938325467893451,32.82421799381512
87.195,proximity_detection,id=47 verdict=true gt_gap=13.321m,55.15276519426459,-16.401629182527603,33.28910457838243
88.203,proximity_detection,id=48 verdict=true gt_gap=13.361m,55.13310394015959,-16.867416324810037,33.755762041934794
89.31,proximity_detection,id=49 verdict=true gt_gap=13.471m,55.095278884953,-17.399814410666938,34.28986421660988
90.2965,proximity_detection,id=50 verdict=true gt_gap=13.482m,55.0562581360034,-17.85613766083703,34.7480486248134
91.3065,proximity_detection,id=51 verdict=true gt_gap=13.600m,55.03090382963964,-18.344030645846118,35.23669458456879
92.3105,proximity_detection,id=52 verdict=true gt_gap=13.672m,55.01088898926461,-18.82847289930982,35.721611473325424
93.4085,proximity_detection,id=53 verdict=true gt_gap=13.756m,54.971087196577976,-19.338193228733363,36.233155764595104
94.498,proximity_detection,id=54 verdict=true gt_gap=13.827m,54.93779533482189,-19.844158976330537,36.7403639053042
95.5065,proximity_detection,id=55 verdict=true gt_gap=13.821m,54.896607626457495,-20.307349656884572,37.20548511348436
96.615,proximity_detection,id=56 verdict=true gt_gap=13.887m,54.86147166831049,-20.814824590086108,37.71434350420808
97.622,proximity_detection,id=57 verdict=true gt_gap=13.994m,54.840778446670036,-21.31215850466762,38.21216905020888
98.7045,proximity_detection,id=58 verdict=true gt_gap=14.149m,54.81733378274417,-21.843074444712162,38.743719916544364
99.6775,proximity_detection,id=59 verdict=true gt_gap=14.096m,54.80679532960493,-22.27813468497954,39.17900850419236
100.692,proximity_detection,id=60 verdict=true gt_gap=14.057m,54.810948470482536,-22.70597795495565,39.60714640229407
101.6875,proximity_detection,id=61 verdict=true gt_gap=14.060m,54.82733487003774,-23.159785203408543,40.06136255488089
102.7905,proximity_detection,id=62 verdict=true gt_gap=14.152m,54.85138972414891,-23.662528207970666,40.56474896815678
103.808,proximity_detection,id=63 verdict=true gt_gap=14.194m,54.861145186272275,-24.15345088071843,41.05589022054487
104.795,proximity_detection,id=64 verdict=true gt_gap=14.223m,54.860330093509404,-24.62961722877894,41.53218906270897
105.901,proximity_detection,id=65 verdict=true gt_gap=14.214m,54.865977206363404,-25.114908875891796,42.01767575722377
106.9105,proximity_detection,id=66 verdict=true gt_gap=14.219m,54.87729874504565,-25.573412750748265,42.47645884670022
107.9245,proximity_detection,id=67 verdict=true gt_gap=14.271m,54.88605095810228,-26.037932181223407,42.94132385083169
108.9945,proximity_detection,id=68 verdict=true gt_gap=14.314m,54.896281943118304,-26.48663298251841,43.39037860783148
110.0015,proximity_detection,id=69 verdict=true gt_gap=14.358m,54.92593538233659,-27.016258256632987,43.921349893449126
111.3135,proximity_detection,id=70 verdict=true gt_gap=14.364m,54.960443805143505,-27.490416624792417,44.39814110971867
112.0975,proximity_detection,id=71 verdict=true gt_gap=14.225m,54.957990131975784,-27.801663521401537,44.70999468889758
113.1985,proximity_detection,id=72 verdict=true gt_gap=14.214m,54.913869959531105,-28.30758487512042,45.21826666030007
114.1925,proximity_detection,id=73 verdict=true gt_gap=14.190m,54.85195782576002,-28.722618388372528,45.637992543695745
115.189,proximity_detection,id=74 verdict=true gt_gap=14.154m,54.8116024849118,-29.152898508180026,46.07027063830232
116.175,proximity_detection,id=75 verdict=true gt_gap=14.046m,54.76742901393745,-29.530853446319423,46.451152327384506
117.277,proximity_detection,id=76 verdict=true gt_gap=13.956m,54.72343265641315,-29.886748232384125,46.81164862223243
118.2665,proximity_detection,id=77 verdict=true gt_gap=13.831m,54.65881677619763,-30.22370181742362,47.15597402184582
119.2905,proximity_detection,id=78 verdict=true gt_gap=13.825m,54.517676395250525,-30.67866878703424,47.632706303303834
120.2885,proximity_detection,id=79 verdict=true gt_gap=13.863m,54.33663375193309,-31.24242101040266,48.22538645370124
121.2905,proximity_detection,id=80 verdict=true gt_gap=13.799m,54.199333006647755,-31.628886253151954,48.63589877601806
122.303,proximity_detection,id=81 verdict=true gt_gap=13.712m,54.06606802657175,-32.02252990827996,49.05166596428425
123.392,proximity_detection,id=82 verdict=true gt_gap=13.575m,53.93642379047386,-32.360668019795334,49.41494347265495
124.4045,proximity_detection,id=83 verdict=true gt_gap=13.401m,53.825181978476046,-32.68970878197564,49.76553020838083
125.394,proximity_detection,id=84 verdict=true gt_gap=13.254m,53.63556058032048,-33.0343925285138,50.15991710816581
126.3975,proximity_detection,id=85 verdict=true gt_gap=13.209m,53.40345940620908,-33.43165099233112,50.6224791056203
127.5065,proximity_detection,id=86 verdict=true gt_gap=13.177m,53.15155635965013,-33.880807933631665,51.14025784918666
128.5105,proximity_detection,id=87 verdict=true gt_gap=13.129m,52.88898425190701,-34.29541214248676,51.634089848313636
129.5185,proximity_detection,id=88 verdict=true gt_gap=13.012m,52.62365751852377,-34.66832687349667,52.092946592418514
130.506,proximity_detection,id=89 verdict=true gt_gap=12.913m,52.38397187511621,-34.96230415861671,52.47312850823226
131.521,proximity_detection,id=90 verdict=true gt_gap=12.860m,52.11789509871567,-35.28071493043966,52.890244642572114
132.5125,proximity_detection,id=91 verdict=true gt_gap=12.779m,51.85094961389542,-35.58705021794441,53.30021567518637
133.6275,proximity_detection,id=92 verdict=true gt_gap=12.715m,51.54492317762603,-35.94049536560507,53.76852460570443
136.723,proximity_detection,id=95 verdict=true gt_gap=12.483m,50.58580957300717,-36.84121178829735,55.091728984822446
164.8365,proximity_detection,id=122 verdict=true gt_gap=13.963m,38.007931196534244,-39.3623127740888,68.32352560630048
165.841,proximity_detection,id=123 verdict=true gt_gap=14.065m,37.51976736622906,-39.3367472749743,68.81236073733308
166.851,proximity_detection,id=124 verdict=true gt_gap=14.151m,37.040241152963226,-39.30419448666296,69.29301209690404
167.8795,proximity_detection,id=125 verdict=true gt_gap=14.207m,36.58803033361016,-39.27195068079708,69.74638556176993
168.8565,proximity_detection,id=126 verdict=true gt_gap=14.241m,36.126269564087266,-39.24697204812466,70.2088587868838
169.8425,proximity_detection,id=127 verdict=true gt_gap=14.284m,35.647775199367764,-39.2313987206179,70.68761337981228
170.951,proximity_detection,id=128 verdict=true gt_gap=14.344m,35.1517439529784,-39.21266115556113,71.18406303495676
171.957,proximity_detection,id=129 verdict=true gt_gap=14.361m,34.63769185491555,-39.17274623952089,71.69977468762292
172.9395,proximity_detection,id=130 verdict=true gt_gap=14.362m,34.152472722625085,-39.13300155687947,72.18665934577292
173.966,proximity_detection,id=131 verdict=true gt_gap=14.352m,33.72021656461768,-39.094364564184744,72.6207488781614
174.938,proximity_detection,id=132 verdict=true gt_gap=14.360m,33.2925295956947,-39.07752562479032,73.04883935176935
176.0475,proximity_detection,id=133 verdict=true gt_gap=14.371m,32.78415521045247,-39.057392786824224,73.55830480340866
177.0585,proximity_detection,id=134 verdict=true gt_gap=14.404m,32.309414991718825,-39.0211636872815,74.03454628411689
178.039,proximity_detection,id=135 verdict=true gt_gap=14.443m,31.83529693172106,-38.977211196585216,74.51073983853428
179.0455,proximity_detection,id=136 verdict=true gt_gap=14.502m,31.342942675254807,-38.91951468350535,75.00647965719581
180.0485,proximity_detection,id=137 verdict=true gt_gap=14.483m,30.853635310129608,-38.85798804414273,75.49965939237103
180.999,proximity_detection,id=138 verdict=true gt_gap=14.449m,30.376852120789316,-38.79611063280438,75.9804569046532
182.1495,proximity_detection,id=139 verdict=true gt_gap=14.512m,29.823166764889724,-38.70990883466165,76.54099476535654
183.2015,proximity_detection,id=140 verdict=true gt_gap=14.558m,29.334343723066176,-38.62549960139503,77.03708380788383
184.2195,proximity_detection,id=141 verdict=true gt_gap=14.637m,28.842946447521307,-38.54976072592127,77.53431405109079
185.188,proximity_detection,id=142 verdict=true gt_gap=14.609m,28.38898633468031,-38.46120790320999,77.99699441616589
186.2195,proximity_detection,id=143 verdict=true gt_gap=14.582m,27.926430480505125,-38.35013253751853,78.4727836013081
187.2315,proximity_detection,id=144 verdict=true gt_gap=14.548m,27.462869706555484,-38.23569447344237,78.9502824475055
188.2275,proximity_detection,id=145 verdict=true gt_gap=14.566m,26.995257907199637,-38.1294032958646,79.42985040977372
189.1885,proximity_detection,id=146 verdict=true gt_gap=14.438m,26.58650280045259,-38.028302916344266,79.85098770297506
190.333,proximity_detection,id=147 verdict=true gt_gap=14.465m,26.11669617610184,-37.85991552825447,80.35022002553693
191.2815,proximity_detection,id=148 verdict=true gt_gap=14.355m,25.694267103878932,-37.68149550365599,80.80880779940864
192.4615,proximity_detection,id=149 verdict=true gt_gap=14.459m,25.160355136416626,-37.452980370722806,81.3895982353107
193.3795,proximity_detection,id=150 verdict=true gt_gap=14.351m,24.79663032115555,-37.2908842042436,81.78782090597875
194.443,proximity_detection,id=151 verdict=true gt_gap=14.309m,24.39358600819974,-37.09202320105033,82.23737581329482
228.47,proximity_detection,id=184 verdict=true gt_gap=14.186m,18.278241971686537,-22.926741699466767,98.64430548675381
230.569,proximity_detection,id=186 verdict=true gt_gap=14.320m,18.28510274400837,-21.905470489137,99.6657264142248
231.5775,proximity_detection,id=187 verdict=true gt_gap=14.377m,18.293000084880546,-21.408913151336726,100.16242465130941
232.5765,proximity_detection,id=188 verdict=true gt_gap=14.419m,18.295037469091792,-20.920328715763436,100.65107675710549
233.578,proximity_detection,id=189 verdict=true gt_gap=14.505m,18.29717635645739,-20.42745250610431,101.14401466707751
234.582,proximity_detection,id=190 verdict=true gt_gap=14.513m,18.29724908310065,-19.96076600698473,101.61075774585036
235.618,proximity_detection,id=191 verdict=true gt_gap=14.594m,18.304392251308272,-19.463324104292383,102.10828759403019
236.5925,proximity_detection,id=192 verdict=true gt_gap=14.619m,18.314085464184366,-18.988578067190335,102.5831668534946
237.6005,proximity_detection,id=193 verdict=true gt_gap=14.538m,18.31687029904524,-18.491240254342657,103.080565266095
238.6785,proximity_detection,id=194 verdict=true gt_gap=14.786m,18.321930774078048,-17.958190450458314,103.613697537619
239.6775,proximity_detection,id=195 verdict=true gt_gap=14.816m,18.324305913451585,-17.462459278962253,104.10947460339109
240.7705,proximity_detection,id=196 verdict=true gt_gap=14.852m,18.323830823167565,-16.949137910834153,104.62285062020645
241.7565,proximity_detection,id=197 verdict=true gt_gap=14.891m,18.330516700250687,-16.478852401258905,105.09321812583237
242.861,proximity_detection,id=198 verdict=true gt_gap=14.982m,18.335088735677303,-15.934253330692846,105.63786718754402
243.8585,proximity_detection,id=199 verdict=true gt_gap=15.007m,18.33958087859763,-15.43677526351152,106.1354106479448
244.8745,proximity_detection,id=200 verdict=true gt_gap=15.062m,18.34068563049616,-14.946333526626406,106.62589502781937
245.868,proximity_detection,id=201 verdict=true gt_gap=15.062m,18.337095591723024,-14.500663185436352,107.07202375636105
246.887,proximity_detection,id=202 verdict=true gt_gap=15.059m,18.351899804189426,-13.971614675639138,107.60137232467862
248.0215,proximity_detection,id=203 verdict=true gt_gap=15.116m,18.36922374780824,-13.453751553194795,108.11954684990802
249.0035,proximity_detection,id=204 verdict=true gt_gap=15.096m,18.366697046417524,-12.991634847264873,108.58171035056232
249.9835,proximity_detection,id=205 verdict=true gt_gap=15.095m,18.355145344094552,-12.533811568430787,109.03968565273198
251.015,proximity_detection,id=206 verdict=true gt_gap=15.090m,18.350063633211384,-12.083396140200144,109.49018953383332
252.0245,proximity_detection,id=207 verdict=true gt_gap=15.006m,18.374203381170478,-11.639578794979185,109.93484512643585
253.045,proximity_detection,id=208 verdict=true gt_gap=14.895m,18.433031419561555,-11.17904025686636,110.39927859419292
254.0725,proximity_detection,id=209 verdict=true gt_gap=14.868m,18.51924061635149,-10.700136213869628,110.88602948388304
255.176,proximity_detection,id=210 verdict=true gt_gap=14.854m,18.6263271503345,-10.176074583232205,111.42106266885675
256.126,proximity_detection,id=211 verdict=true gt_gap=14.731m,18.729656262168675,-9.758111851659553,111.85211278915678
257.127,proximity_detection,id=212 verdict=true gt_gap=14.654m,18.811776720489714,-9.351745454191429,112.26691525171125
258.125,proximity_detection,id=213 verdict=true gt_gap=14.705m,18.909381370058373,-8.764921736076115,112.8622578838052
259.253,proximity_detection,id=214 verdict=true gt_gap=14.629m,18.992126061446225,-8.31508958777993,113.32223832249775
260.369,proximity_detection,id=215 verdict=true gt_gap=14.608m,19.106430114725086,-7.842689465753523,113.80845462176327
261.338,proximity_detection,id=216 verdict=true gt_gap=14.489m,19.20293939128627,-7.445633037858259,114.21708773775346
262.461,proximity_detection,id=217 verdict=true gt_gap=14.512m,19.297764179154072,-6.93170051850185,114.73952672865371
263.441,proximity_detection,id=218 verdict=true gt_gap=14.478m,19.368446989063298,-6.4826544106417545,115.19436900910456
264.457,proximity_detection,id=219 verdict=true gt_gap=14.444m,19.45424738855337,-6.02962066928413,115.65553285605552
265.468,proximity_detection,id=220 verdict=true gt_gap=14.461m,19.565068031655475,-5.555147509252344,116.14283489995533
266.4765,proximity_detection,id=221 verdict=true gt_gap=14.433m,19.673610010719575,-5.0953909197428295,116.61503246857912
267.6025,proximity_detection,id=222 verdict=true gt_gap=14.501m,19.782130508948992,-4.561715105671239,117.15992615321699
268.602,proximity_detection,id=223 verdict=true gt_gap=14.502m,19.876385772748332,-4.072945160333376,117.65774576190033
269.5955,proximity_detection,id=224 verdict=true gt_gap=14.458m,19.969875834573262,-3.5944991918236853,118.14527280714321
270.7155,proximity_detection,id=225 verdict=true gt_gap=14.483m,20.080584061880195,-3.0858699671811154,118.66585670481562
271.713,proximity_detection,id=226 verdict=true gt_gap=14.367m,20.194046054814,-2.7041047744528135,119.06442187288451
273.919,proximity_detection,id=228 verdict=true gt_gap=14.096m,20.60632098881863,-2.0223435104210723,119.86606994880769
274.877,proximity_detection,id=1 verdict=unknown gt_gap=nanm,20.93495841965035,-1.737237587831721,120.30186029693958
275.9125,proximity_detection,id=1 verdict=unknown gt_gap=nanm,21.34768709559092,-1.470844965931478,120.79335631825626
276.979,proximity_detection,id=1 verdict=unknown gt_gap=nanm,21.799125177545893,-1.230339483451673,121.3049276060224
277.9855,proximity_detection,id=1 verdict=unknown gt_gap=nanm,22.214962689069456,-1.0268181997010346,121.76799389067413
278.999,proximity_detection,id=1 verdict=unknown gt_gap=nanm,22.651690534678853,-0.8379671859219604,122.24393968595577
279.9385,proximity_detection,id=1 verdict=unknown gt_gap=nanm,23.079885991349173,-0.6738410386390963,122.70251760394083
281.099,proximity_detection,id=1 verdict=unknown gt_gap=nanm,23.615395290942654,-0.4826304799759408,123.2710247669618
282.0095,proximity_detection,id=1 verdict=unknown gt_gap=nanm,24.023549157562822,-0.3406093076741886,123.70348329348016
283.08,proximity_detection,id=1 verdict=unknown gt_gap=nanm,24.48417005070673,-0.19945412349161704,124.18532086063449
283.9975,proximity_detection,id=1 verdict=unknown gt_gap=nanm,24.879429226462786,-0.0949510021564412,124.59420290787047
285.0555,proximity_detection,id=1 verdict=unknown gt_gap=nanm,25.372382526280237,0.00572805796278603,125.09741370457763
285.981,proximity_detection,id=1 verdict=unknown gt_gap=nanm,25.787702396138116,0.07843422075142768,125.5189023269599
287.183,proximity_detection,id=1 verdict=unknown gt_gap=nanm,26.35217707875372,0.18537976458089012,126.09357544812049
288.092,proximity_detection,id=1 verdict=unknown gt_gap=nanm,26.71277647090372,0.24494731606598996,126.45930126004033
289.19,proximity_detection,id=1 verdict=unknown gt_gap=nanm,27.186930892376267,0.28980375636492745,126.93570236055646
290.267,proximity_detection,id=1 verdict=unknown gt_gap=nanm,27.71355021311908,0.3096651752263289,127.4627303517186
291.1595,proximity_detection,id=1 verdict=unknown gt_gap=nanm,28.128919008885656,0.32183110890556754,127.87830805224026
292.38,proximity_detection,id=1 verdict=unknown gt_gap=nanm,28.728232734289925,0.3374689667110438,128.47783859609606
293.2885,proximity_detection,id=1 verdict=unknown gt_gap=nanm,29.143147930443394,0.3443442356171309,128.89284050816934
294.455,proximity_detection,id=1 verdict=unknown gt_gap=nanm,29.64652106761016,0.3320485704241956,129.39645523038624
295.3665,proximity_detection,id=1 verdict=unknown gt_gap=nanm,30.076497364351624,0.30087681400489386,129.82764508147454
296.4515,proximity_detection,id=1 verdict=unknown gt_gap=nanm,30.559340037775055,0.272812616996865,130.31160801983754
297.4545,proximity_detection,id=1 verdict=unknown gt_gap=nanm,31.049521816620626,0.2582389456062659,130.8020270174909
298.4765,proximity_detection,id=252 verdict=true gt_gap=12.701m,31.535766681790115,0.2504606651053525,131.2882022626332
299.588,proximity_detection,id=253 verdict=true gt_gap=12.909m,32.0464002709103,0.23270815030028405,131.7995245083337
300.5945,proximity_detection,id=254 verdict=true gt_gap=13.103m,32.50897547925168,0.2078587522697238,132.26282726982186
301.616,proximity_detection,id=255 verdict=true gt_gap=13.223m,32.889259497383335,0.1963197194671693,132.64369140523254
302.6145,proximity_detection,id=256 verdict=true gt_gap=13.402m,33.27100768654454,0.22812716329364346,133.0274815834409
303.6135,proximity_detection,id=257 verdict=true gt_gap=13.564m,33.67013772076942,0.24696106943213836,133.42763323335384
304.718,proximity_detection,id=258 verdict=true gt_gap=13.705m,34.122995532073446,0.24273113017490122,133.88086743038716
305.741,proximity_detection,id=259 verdict=true gt_gap=13.800m,34.595368545700616,0.22411152393305792,134.35368286425276
306.759,proximity_detection,id=260 verdict=true gt_gap=13.811m,35.05553654119653,0.21078520634894335,134.8142278715522
307.7725,proximity_detection,id=261 verdict=true gt_gap=13.803m,35.52671080074358,0.21462440602289423,135.28562263009465
308.7545,proximity_detection,id=262 verdict=true gt_gap=13.834m,35.99232718227638,0.22386254053339166,135.75139520247467
309.759,proximity_detection,id=263 verdict=true gt_gap=13.837m,36.447539969441245,0.2301350669152881,136.20669593289495
310.88,proximity_detection,id=264 verdict=true gt_gap=13.939m,36.98951574617631,0.22710263304880707,136.7487168859634
311.885,proximity_detection,id=265 verdict=true gt_gap=13.882m,37.47884615725999,0.22563790493880334,137.23810131040744
312.898,proximity_detection,id=266 verdict=true gt_gap=13.936m,37.94853624765586,0.22193917821670603,137.70789361602175
313.8925,proximity_detection,id=267 verdict=true gt_gap=13.955m,38.4324181951119,0.22352404688149785,138.19189445141652
314.9865,proximity_detection,id=268 verdict=true gt_gap=14.100m,38.975853364544456,0.2194061921944685,138.73548451950103
315.9785,proximity_detection,id=269 verdict=true gt_gap=14.076m,39.447101852660154,0.21918647066240327,139.20696950086577
316.9975,proximity_detection,id=270 verdict=true gt_gap=14.115m,39.90193981877743,0.21358784566514283,139.66217584310542
318.156,proximity_detection,id=271 verdict=true gt_gap=14.076m,40.428132810769235,0.20662567575111945,140.18857716195606
319.176,proximity_detection,id=272 verdict=true gt_gap=14.208m,40.9208009296759,0.22267751945511202,140.68180069779322
320.188,proximity_detection,id=273 verdict=true gt_gap=14.196m,41.382579039393526,0.23820316181094742,141.14365697375413
321.1065,proximity_detection,id=274 verdict=true gt_gap=14.073m,41.785946621475595,0.23998271642765814,141.54728669143046
322.1805,proximity_detection,id=275 verdict=true gt_gap=14.155m,42.28387771444083,0.2169934215826538,142.04577095460232
323.0965,proximity_detection,id=276 verdict=true gt_gap=13.987m,42.714437416873935,0.20455573453904038,142.47659000987164
324.181,proximity_detection,id=277 verdict=true gt_gap=14.096m,43.23868147409713,0.21382484897485507,143.0009930962727
325.0885,proximity_detection,id=278 verdict=true gt_gap=13.969m,43.61536441915403,0.22066153532795071,143.37777328706238
326.194,proximity_detection,id=279 verdict=true gt_gap=14.004m,44.08051476221813,0.18542736995460718,143.8445751413227
327.206,proximity_detection,id=280 verdict=true gt_gap=13.986m,44.544014658899506,0.10190760774362295,144.31560524040856
328.0935,proximity_detection,id=281 verdict=true gt_gap=13.877m,44.92455020485064,0.028142229117830177,144.70324919542702
329.19,proximity_detection,id=282 verdict=true gt_gap=13.898m,45.430669987472854,-0.05507742904985655,145.2162178715929
330.0975,proximity_detection,id=283 verdict=true gt_gap=13.765m,45.80716346315597,-0.11850721259477909,145.598043786536
331.179,proximity_detection,id=284 verdict=true gt_gap=13.702m,46.20516448040388,-0.20687566288654957,146.00616680816606
332.196,proximity_detection,id=285 verdict=true gt_gap=13.738m,46.61624843807282,-0.35117451669979144,146.44219644949922
333.273,proximity_detection,id=286 verdict=true gt_gap=13.767m,47.01853079665627,-0.5130548491752039,146.87621329521033
334.207,proximity_detection,id=287 verdict=true gt_gap=13.742m,47.38213111741038,-0.6637099597361732,147.27068880303136
335.3045,proximity_detection,id=288 verdict=true gt_gap=13.761m,47.84274245429582,-0.8263432661087406,147.75923333607693
336.3145,proximity_detection,id=289 verdict=true gt_gap=13.665m,48.2077588560216,-0.9705736145773989,148.1520732279784
337.3215,proximity_detection,id=290 verdict=true gt_gap=13.609m,48.593301012339616,-1.175298639328991,148.58892619432675
338.23,proximity_detection,id=291 verdict=true gt_gap=13.480m,48.91200953299101,-1.378369731970019,148.9671382994606
339.318,proximity_detection,id=292 verdict=true gt_gap=13.457m,49.32525705886696,-1.6006699494295458,149.43665717790768
340.3255,proximity_detection,id=293 verdict=true gt_gap=13.400m,49.69449219651456,-1.7900305397451275,149.8518367593722
341.3295,proximity_detection,id=294 verdict=true gt_gap=13.242m,50.04110243507003,-2.01140150958722,150.26380078368962
342.2415,proximity_detection,id=295 verdict=true gt_gap=13.114m,50.35761903503874,-2.248327528150572,150.66027798827236
343.435,proximity_detection,id=296 verdict=true gt_gap=13.111m,50.75800377064431,-2.574818966569961,151.17748685789428
344.419,proximity_detection,id=297 verdict=true gt_gap=13.047m,51.114964766110916,-2.8388871409455647,151.62175038629303
345.5255,proximity_detection,id=298 verdict=true gt_gap=12.904m,51.44719509738834,-3.092873405406731,152.04092002702635
346.4355,proximity_detection,id=299 verdict=true gt_gap=12.756m,51.701001600916406,-3.324035906879567,152.38494811204464
347.5265,proximity_detection,id=47 verdict=true gt_gap=0.239m,52.02908853908709,-3.670880844094241,152.862957136101
348.529,proximity_detection,id=48 verdict=true gt_gap=0.256m,52.35202069321777,-4.025834608512722,153.34295808372244
349.574,proximity_detection,id=302 verdict=true gt_gap=12.657m,52.69301280612397,-4.425810234348698,153.86869730958742
350.507,proximity_detection,id=303 verdict=true gt_gap=12.620m,52.96799251532337,-4.766472269405617,154.3065822458789
351.5245,proximity_detection,id=51 verdict=true gt_gap=0.249m,53.22058518797522,-5.08973466325508,154.71744004527613
352.6375,proximity_detection,id=52 verdict=true gt_gap=0.220m,53.474160884466244,-5.440877814998784,155.15133365476777
353.639,proximity_detection,id=53 verdict=true gt_gap=0.200m,53.69773991739179,-5.825905894143399,155.59672768601226
354.6105,proximity_detection,id=54 verdict=true gt_gap=0.146m,53.88876344329619,-6.193886955393737,156.01148427790346
355.6105,proximity_detection,id=55 verdict=true gt_gap=0.093m,54.1082198268284,-6.595113889805351,156.46888002508442
356.787,proximity_detection,id=56 verdict=true gt_gap=0.128m,54.36462320564695,-7.0489907318482246,156.99011107630145
357.7055,proximity_detection,id=57 verdict=true gt_gap=0.080m,54.52732206163771,-7.392369118169145,157.3704740531413
358.7845,proximity_detection,id=58 verdict=true gt_gap=0.167m,54.68613768557938,-7.856731421813237,157.86147092166294
359.885,proximity_detection,id=59 verdict=true gt_gap=0.130m,54.82223228445828,-8.309908058957447,158.33485442479625
360.9925,proximity_detection,id=60 verdict=true gt_gap=0.156m,54.98016565668309,-8.796630941572426,158.84674007611272
361.903,proximity_detection,id=61 verdict=true gt_gap=0.086m,55.10202124475926,-9.178811664000612,159.2479010416875
362.8925,proximity_detection,id=62 verdict=true gt_gap=0.067m,55.19729473809852,-9.578485170690833,159.65892086681262
363.8945,proximity_detection,id=63 verdict=true gt_gap=0.076m,55.2698030952556,-10.041415607787446,160.1276824288095
365.0115,proximity_detection,id=64 verdict=true gt_gap=0.135m,55.33251293804051,-10.549599506133674,160.6398391723183
365.8775,proximity_detection,id=65 verdict=true gt_gap=0.030m,55.38532259807975,-10.940014235408684,161.03388171345028
366.974,proximity_detection,id=319 verdict=true gt_gap=12.663m,55.424735380142984,-11.375421462535476,161.47138672129685
367.9135,proximity_detection,id=67 verdict=true gt_gap=0.014m,55.42923895494558,-11.791485080367453,161.88796630646277
369.1315,proximity_detection,id=321 verdict=true gt_gap=12.781m,55.41947274906269,-12.378841732015392,162.4758687470433
370.0065,proximity_detection,id=322 verdict=true gt_gap=12.739m,55.40184787491843,-12.796997682525244,162.89456299906885
371.2195,proximity_detection,id=323 verdict=true gt_gap=12.903m,55.37442057006189,-13.37513336771359,163.473565829241
372.2335,proximity_detection,id=324 verdict=true gt_gap=12.970m,55.33886247046279,-13.850332394814375,163.9503359026865
373.3435,proximity_detection,id=325 verdict=true gt_gap=13.090m,55.29824143145731,-14.370194696011183,164.4723511082663
374.216,proximity_detection,id=326 verdict=true gt_gap=13.020m,55.2688122839428,-14.787987965458811,164.8915871425383
375.3465,proximity_detection,id=327 verdict=true gt_gap=13.153m,55.22672754370967,-15.332730185094855,165.43850057513524
376.301,proximity_detection,id=328 verdict=true gt_gap=13.235m,55.197872080788144,-15.785714096520788,165.89288955506282
377.52,proximity_detection,id=329 verdict=true gt_gap=13.473m,55.1678227060064,-16.343430477107063,166.45226123574253
378.3855,proximity_detection,id=330 verdict=true gt_gap=13.440m,55.13514463073997,-16.746733647907682,166.85749263466775
379.4195,proximity_detection,id=331 verdict=true gt_gap=13.505m,55.109313456935574,-17.24610806096402,167.35765565645121
380.6145,proximity_detection,id=332 verdict=true gt_gap=13.600m,55.06821624219829,-17.81710467703974,167.93032007856556
381.5275,proximity_detection,id=333 verdict=true gt_gap=13.660m,55.04378985121584,-18.26804066638323,168.38195701500362
382.641,proximity_detection,id=334 verdict=true gt_gap=13.842m,55.01103732152364,-18.81509748033002,168.9300804541329
383.511,proximity_detection,id=335 verdict=true gt_gap=13.861m,54.986510343995185,-19.219080530464733,169.33510414727556
384.5045,proximity_detection,id=336 verdict=true gt_gap=13.894m,54.9542944894752,-19.662926107900866,169.78057316592594
385.626,proximity_detection,id=337 verdict=true gt_gap=14.031m,54.913853558262495,-20.187430155791866,170.30667707999785
386.5085,proximity_detection,id=338 verdict=true gt_gap=14.001m,54.87764059744479,-20.574612803585122,170.69566969864934
387.5,proximity_detection,id=339 verdict=true gt_gap=14.016m,54.850516379202865,-21.056698454360408,171.17893402191817
388.6185,proximity_detection,id=340 verdict=true gt_gap=14.189m,54.821274474394215,-21.578777926487206,171.70236673193133
389.479,proximity_detection,id=341 verdict=true gt_gap=14.147m,54.813722772348285,-22.002743082013865,172.12695180705063
390.594,proximity_detection,id=342 verdict=true gt_gap=14.198m,54.80848876313723,-22.507838822612033,172.63210385606365
391.553,proximity_detection,id=343 verdict=true gt_gap=14.129m,54.81071287827988,-22.925018352948918,173.04934070703058
392.644,proximity_detection,id=344 verdict=true gt_gap=14.249m,54.82803698221493,-23.42532420529706,173.55055393387772
393.5595,proximity_detection,id=345 verdict=true gt_gap=14.271m,54.84886897812436,-23.84505578549994,173.97130811811448
394.675,proximity_detection,id=346 verdict=true gt_gap=14.356m,54.85449081547433,-24.391338448395842,174.5182314601721
395.695,proximity_detection,id=347 verdict=true gt_gap=14.328m,54.86327367817381,-24.870335453507316,174.99740542443783
396.823,proximity_detection,id=348 verdict=true gt_gap=14.440m,54.86669422216195,-25.371087562862932,175.49840290061093
397.755,proximity_detection,id=349 verdict=true gt_gap=14.422m,54.87419494977902,-25.7868535797209,175.91444290769115
398.8085,proximity_detection,id=350 verdict=true gt_gap=14.472m,54.880668258619544,-26.252979049709907,176.38095239377162
399.778,proximity_detection,id=351 verdict=true gt_gap=14.329m,54.89923679964367,-26.698616050732557,176.82723239430368
400.797,proximity_detection,id=352 verdict=true gt_gap=14.358m,54.94480123099002,-27.148018562876597,177.28024393844444
401.895,proximity_detection,id=353 verdict=true gt_gap=14.180m,54.97589061409392,-27.549573146623537,177.68412188560154
403.8505,proximity_detection,id=354 verdict=true gt_gap=14.591m,54.89120476874362,-28.434464512205746,178.5738011082167
404.3785,proximity_detection,id=355 verdict=true gt_gap=14.291m,54.85868004090793,-28.65403458264758,178.79577190860454
405.0385,proximity_detection,id=356 verdict=true gt_gap=14.173m,54.839269866497645,-28.954571703725225,179.0970897713311
405.916,proximity_detection,id=357 verdict=true gt_gap=13.999m,54.8020859325945,-29.32548018365271,179.46994724517393
407.0725,proximity_detection,id=358 verdict=true gt_gap=13.914m,54.77736041936062,-29.692876146805272,179.83860412216583
407.9355,proximity_detection,id=359 verdict=true gt_gap=13.613m,54.722310916854376,-29.948958214983858,180.10328958593337
409.1105,proximity_detection,id=360 verdict=true gt_gap=13.644m,54.5958152021861,-30.37967269837081,180.55354052068083
410.2345,proximity_detection,id=361 verdict=true gt_gap=13.701m,54.43059891649104,-30.9300344778809,181.1290587534038
411.225,proximity_detection,id=362 verdict=true gt_gap=13.649m,54.26275409079671,-31.441862086916956,181.66829452881382
412.086,proximity_detection,id=363 verdict=true gt_gap=13.511m,54.16407575451998,-31.750433655444706,181.9923921195566
413.235,proximity_detection,id=364 verdict=true gt_gap=13.408m,54.00259902289066,-32.18489553337382,182.45660401588736
414.3425,proximity_detection,id=365 verdict=true gt_gap=13.370m,53.866928624204306,-32.541652518015205,182.8399498334337
415.224,proximity_detection,id=366 verdict=true gt_gap=13.236m,53.73353062629918,-32.84253866878468,183.17459168612908
416.433,proximity_detection,id=367 verdict=true gt_gap=13.211m,53.48283076038595,-33.321003706713505,183.71894354411018
417.3105,proximity_detection,id=368 verdict=true gt_gap=13.172m,53.2921152006175,-33.65057420670695,184.10245419880653
418.4425,proximity_detection,id=369 verdict=true gt_gap=13.144m,53.03898119698196,-34.07534735683269,184.59935660151936
419.324,proximity_detection,id=370 verdict=true gt_gap=12.981m,52.820590719628115,-34.404487039359296,184.9958125505245
420.5645,proximity_detection,id=371 verdict=true gt_gap=13.037m,52.51027679799262,-34.834924448587074,185.527671746525
421.535,proximity_detection,id=372 verdict=true gt_gap=12.895m,52.256482553759675,-35.147452702699674,185.93180716104314
422.659,proximity_detection,id=373 verdict=true gt_gap=12.931m,51.9354417023379,-35.53196892859514,186.43477675123577
423.6405,proximity_detection,id=121 verdict=true gt_gap=0.317m,51.6465274523321,-35.82959334860344,186.85040856519447
424.7845,proximity_detection,id=122 verdict=true gt_gap=0.305m,51.32941225142206,-36.15569209649745,187.30678466471008
425.6335,proximity_detection,id=123 verdict=true gt_gap=0.241m,51.0685536326295,-36.414812058278876,187.67600247077866
426.78,proximity_detection,id=124 verdict=true gt_gap=0.349m,50.67409890289824,-36.794638595330234,188.22567683185986
427.662,proximity_detection,id=125 verdict=true gt_gap=0.322m,50.33616290886626,-37.04515387288377,188.64735783109984
428.6705,proximity_detection,id=126 verdict=true gt_gap=0.300m,49.96073353050984,-37.30702811486119,189.10531148414285
429.783,proximity_detection,id=127 verdict=true gt_gap=0.332m,49.53562622297289,-37.61338765367441,189.62947238731851
430.639,proximity_detection,id=128 verdict=true gt_gap=0.209m,49.24119371935051,-37.82274625357231,189.99076693199368
431.6215,proximity_detection,id=129 verdict=true gt_gap=0.094m,48.88008577497076,-38.04152653139762,190.41303647363836
432.6215,proximity_detection,id=130 verdict=true gt_gap=0.042m,48.45312424227904,-38.25021674021053,190.88839418476147
433.702,proximity_detection,id=131 verdict=true gt_gap=0.048m,48.00887068962051,-38.44448680985638,191.37329999478547
434.8715,proximity_detection,id=132 verdict=true gt_gap=0.123m,47.528620151630314,-38.665403312377215,191.9019619329313
435.6795,proximity_detection,id=133 verdict=true gt_gap=0.058m,47.209122770658894,-38.81119624043371,192.25317247057657
436.7265,proximity_detection,id=134 verdict=true gt_gap=0.053m,46.765624926747606,-38.97354613181336,192.7256564513622
437.714,proximity_detection,id=135 verdict=true gt_gap=0.079m,46.35149520172084,-39.10424274208269,193.16005348731537
438.791,proximity_detection,id=136 verdict=true gt_gap=0.036m,45.87496628097457,-39.23324270708484,193.65389327179818
439.8685,proximity_detection,id=137 verdict=true gt_gap=0.038m,45.366524058808565,-39.3405393962228,194.1742641254909
440.8905,proximity_detection,id=138 verdict=true gt_gap=0.080m,44.89218088160729,-39.42943729005473,194.65695679166097
442.009,proximity_detection,id=139 verdict=true gt_gap=0.048m,44.360881480832845,-39.505491024034825,195.19399017158227
442.9975,proximity_detection,id=140 verdict=true gt_gap=0.049m,43.90963810324298,-39.562024959142164,195.6488908156754
444.0025,proximity_detection,id=141 verdict=true gt_gap=0.008m,43.44856656038219,-39.59173030944459,196.1109479422314
445.215,proximity_detection,id=142 verdict=true gt_gap=0.082m,42.87181027660921,-39.59433183997671,196.68777191608635
446.16,proximity_detection,id=143 verdict=true gt_gap=0.053m,42.404104320138536,-39.58207700836209,197.15567084466088
447.294,proximity_detection,id=144 verdict=true gt_gap=0.115m,41.83599401466559,-39.55391155530786,197.72448978258365
448.165,proximity_detection,id=145 verdict=true gt_gap=0.072m,41.42125988945655,-39.53062009333953,198.13964858297038
449.291,proximity_detection,id=146 verdict=true gt_gap=0.079m,40.87043011277964,-39.5017890733357,198.691478437907
450.1695,proximity_detection,id=147 verdict=true gt_gap=0.050m,40.43982319817636,-39.48381769478461,199.1224658338233
451.303,proximity_detection,id=148 verdict=true gt_gap=0.046m,39.89330043857739,-39.457997295323196,199.66935758335774
452.4625,proximity_detection,id=149 verdict=true gt_gap=0.163m,39.32138083310993,-39.42318353921307,200.2425909899579
453.4105,proximity_detection,id=150 verdict=true gt_gap=0.109m,38.88208098752937,-39.39708213943707,200.68267156241154
454.4275,proximity_detection,id=151 verdict=true gt_gap=0.131m,38.38636482277213,-39.3742877583388,201.1789237482241
455.5545,proximity_detection,id=405 verdict=true gt_gap=13.861m,37.84250905409443,-39.353834960073854,201.7232163915441
456.6585,proximity_detection,id=406 verdict=true gt_gap=14.053m,37.32042124217162,-39.3253961011026,202.2461815120775
457.652,proximity_detection,id=407 verdict=true gt_gap=14.009m,36.889297332652056,-39.28931231970643,202.67884449795034
458.6645,proximity_detection,id=408 verdict=true gt_gap=14.062m,36.44927854415321,-39.25925299208863,203.11993889434774
459.5225,proximity_detection,id=409 verdict=true gt_gap=14.063m,36.03182425430801,-39.243661330168315,203.53769811812094
460.6515,proximity_detection,id=410 verdict=true gt_gap=14.102m,35.52727811598382,-39.23408642117433,204.0423878192194
461.506,proximity_detection,id=411 verdict=true gt_gap=14.140m,35.17113425147663,-39.22239962300709,204.3988500282832
462.673,proximity_detection,id=412 verdict=true gt_gap=14.345m,34.5788615033988,-39.16654045539449,204.9939362605892
463.486,proximity_detection,id=413 verdict=true gt_gap=14.288m,34.19275858909617,-39.1322044654149,205.38157240517253
464.6525,proximity_detection,id=414 verdict=true gt_gap=14.315m,33.70811152385879,-39.08572827830467,205.86881047009592
465.64,proximity_detection,id=415 verdict=true gt_gap=14.261m,33.27343034999147,-39.081950528116145,206.30469813009222
466.725,proximity_detection,id=416 verdict=true gt_gap=14.384m,32.827924330522904,-39.07787174437651,206.75085197588967
467.583,proximity_detection,id=417 verdict=true gt_gap=14.312m,32.45403143838022,-39.04938468920863,207.12608264715524
468.7475,proximity_detection,id=418 verdict=true gt_gap=14.447m,31.904973453256424,-38.97911992734632,207.67980480594724
469.596,proximity_detection,id=419 verdict=true gt_gap=14.361m,31.517491594340594,-38.928649973393654,208.07057432443108
470.837,proximity_detection,id=420 verdict=true gt_gap=14.445m,30.929575488500426,-38.86121206460279,208.66253032541303
471.68,proximity_detection,id=421 verdict=true gt_gap=14.364m,30.54103471184225,-38.82666814990363,209.0527098320284
472.6845,proximity_detection,id=422 verdict=true gt_gap=14.263m,30.116922158548036,-38.7713303765584,209.4809031953129
473.9275,proximity_detection,id=423 verdict=true gt_gap=14.396m,29.54216141813399,-38.65722793851054,210.06704404774527
474.8,proximity_detection,id=424 verdict=true gt_gap=14.342m,29.141633002255357,-38.58692853625164,210.4737191905451
475.939,proximity_detection,id=425 verdict=true gt_gap=14.327m,28.58731310375407,-38.49529907664617,211.03558389654927
476.802,proximity_detection,id=426 verdict=true gt_gap=14.256m,28.195331493178916,-38.42148134871078,211.43447224958587
477.7965,proximity_detection,id=427 verdict=true gt_gap=14.132m,27.757899347456533,-38.32163390982282,211.88326245846343
478.951,proximity_detection,id=428 verdict=true gt_gap=14.293m,27.192660557380727,-38.179970984740216,212.46600055691306
479.802,proximity_detection,id=429 verdict=true gt_gap=14.135m,26.806651489756376,-38.080950480945894,212.86452256714614
481.0615,proximity_detection,id=430 verdict=true gt_gap=14.253m,26.27398822150158,-37.910484199576075,213.42397859411597
482.024,proximity_detection,id=431 verdict=true gt_gap=14.139m,25.857455832497276,-37.74996520543463,213.87043831103645
483.184,proximity_detection,id=432 verdict=true gt_gap=14.110m,25.338013502671757,-37.537790282912766,214.43162187766498
484.046,proximity_detection,id=433 verdict=true gt_gap=14.049m,24.980128112382133,-37.370879376357856,214.8266002607745
485.2065,proximity_detection,id=434 verdict=true gt_gap=14.033m,24.529899585945106,-37.15277747482784,215.32669546603833
486.1905,proximity_detection,id=181 verdict=true gt_gap=0.304m,24.13330552490691,-36.934117463817806,215.77991039288054
487.285,proximity_detection,id=182 verdict=true gt_gap=0.385m,23.664179902602687,-36.61454035755168,216.3476588767112
488.388,proximity_detection,id=184 verdict=true gt_gap=0.086m,23.227848821145347,-36.29645063860973,216.88767573966103
489.394,proximity_detection,id=438 verdict=true gt_gap=14.000m,22.834041583516417,-35.99945169823818,217.38096948130283
490.4145,proximity_detection,id=186 verdict=true gt_gap=0.107m,22.455637591696888,-35.69547420972148,217.8661869776821
491.3545,proximity_detection,id=186 verdict=true gt_gap=0.339m,22.123570674737937,-35.39834956987569,218.31221278360033
492.3875,proximity_detection,id=187 verdict=true gt_gap=0.339m,21.769705317163012,-35.06151970181066,218.80077506200703
493.2185,proximity_detection,id=188 verdict=true gt_gap=0.251m,21.472299355707015,-34.769257841010564,219.21779867335607
494.537,proximity_detection,id=189 verdict=true gt_gap=0.415m,21.06174212274013,-34.291726230719476,219.8478998276647
495.3515,proximity_detection,id=190 verdict=true gt_gap=0.283m,20.82947287873369,-33.992599366861924,220.22687031551845
496.5295,proximity_detection,id=191 verdict=true gt_gap=0.392m,20.485175371719695,-33.53738320043718,220.7976495580989
497.4305,proximity_detection,id=193 verdict=true gt_gap=0.331m,20.240702157455544,-33.205169721175295,221.21016770726558
498.5815,proximity_detection,id=193 verdict=true gt_gap=0.182m,19.959126205770172,-32.777692964144165,221.72220802131304
499.5575,proximity_detection,id=194 verdict=true gt_gap=0.341m,19.732093505350864,-32.363818557334156,222.19440280385624
500.6345,proximity_detection,id=196 verdict=true gt_gap=0.140m,19.495696555164333,-31.881698322709337,222.7314040302577
501.798,proximity_detection,id=197 verdict=true gt_gap=0.024m,19.25027917973257,-31.365236584486784,223.30324718179884
502.6205,proximity_detection,id=198 verdict=true gt_gap=0.120m,19.096097784803202,-31.01307606149566,223.6877262346056
503.62,proximity_detection,id=199 verdict=true gt_gap=0.169m,18.938449483318404,-30.594954245754533,224.13450673334196
504.771,proximity_detection,id=200 verdict=true gt_gap=0.056m,18.77069291464765,-30.053790901460264,224.70148180941837
505.705,proximity_detection,id=201 verdict=true gt_gap=0.064m,18.65072412790652,-29.6170818655318,225.15426582788655
506.7005,proximity_detection,id=202 verdict=true gt_gap=0.131m,18.53585285965609,-29.156611068274422,225.62914542940072
507.7985,proximity_detection,id=203 verdict=true gt_gap=0.073m,18.43225625966473,-28.64165959308228,226.15448512520103
508.9405,proximity_detection,id=204 verdict=true gt_gap=0.030m,18.351706248538704,-28.117219476460267,226.68514542393925
509.9525,proximity_detection,id=205 verdict=true gt_gap=0.017m,18.2992539109401,-27.644465803053492,227.16082734274784
510.7795,proximity_detection,id=206 verdict=true gt_gap=0.069m,18.268679625397965,-27.24123757219444,227.56523259209706
511.806,proximity_detection,id=207 verdict=true gt_gap=0.099m,18.250993414354895,-26.74438046654574,228.0624472545689
513.0545,proximity_detection,id=208 verdict=true gt_gap=0.085m,18.245792572782054,-26.15691779666838,228.6500003755548
513.8895,proximity_detection,id=208 verdict=true gt_gap=0.318m,18.25649960312839,-25.754787138048904,229.05227924575712
514.888,proximity_detection,id=209 verdict=true gt_gap=0.301m,18.264829024825374,-25.2652317496053,229.54191852777672
516.062,proximity_detection,id=210 verdict=true gt_gap=0.332m,18.268651309977848,-24.693555509855045,230.11361537035404
516.8965,proximity_detection,id=211 verdict=true gt_gap=0.201m,18.268445966440456,-24.28158559999445,230.5255910367798
518.0115,proximity_detection,id=212 verdict=true gt_gap=0.265m,18.273133390402332,-23.731101519500626,231.0761020045932
519.002,proximity_detection,id=213 verdict=true gt_gap=0.210m,18.275360695030326,-23.245849427007418,231.56136284074375
520.0355,proximity_detection,id=214 verdict=true gt_gap=0.189m,18.277464492355463,-22.737702817357786,232.06926824228194
521.2075,proximity_detection,id=469 verdict=true gt_gap=14.159m,18.282469956541117,-22.165508961671037,232.6417678614117
522.0255,proximity_detection,id=470 verdict=true gt_gap=14.170m,18.287122079290462,-21.757444440771167,233.04986369267812
523.1305,proximity_detection,id=471 verdict=true gt_gap=14.284m,18.2886455652156,-21.208308995524952,233.5990250249133
524.397,proximity_detection,id=472 verdict=true gt_gap=14.532m,18.294261667418972,-20.5886810507934,234.21869450300701
525.226,proximity_detection,id=473 verdict=true gt_gap=14.376m,18.299645287483845,-20.183403000881682,234.6240177652671
526.2265,proximity_detection,id=474 verdict=true gt_gap=14.508m,18.30393458791362,-19.705950378604037,235.10149541230902
527.3955,proximity_detection,id=475 verdict=true gt_gap=14.560m,18.313015823143427,-19.140417149832857,235.6671280331998
528.222,proximity_detection,id=476 verdict=true gt_gap=14.606m,18.31292948451127,-18.727205441125925,236.0803538595523
529.214,proximity_detection,id=477 verdict=true gt_gap=14.626m,18.313822834504077,-18.244473471877807,236.56287115942453
530.38,proximity_detection,id=478 verdict=true gt_gap=14.751m,18.32396888411412,-17.680616634735262,237.12709287146035
531.214,proximity_detection,id=479 verdict=true gt_gap=14.647m,18.323382634588107,-17.281210585039283,237.5265136838455
532.387,proximity_detection,id=480 verdict=true gt_gap=14.672m,18.327027554920328,-16.722211138348012,238.08554255907788
533.2155,proximity_detection,id=481 verdict=true gt_gap=14.715m,18.33024206843393,-16.31800638079027,238.48976757878233
534.3665,proximity_detection,id=482 verdict=true gt_gap=14.856m,18.334565845694062,-15.751337116982507,239.0564834218335
535.449,proximity_detection,id=483 verdict=true gt_gap=14.851m,18.34146244970426,-15.20907979121669,239.59881333966803
536.311,proximity_detection,id=484 verdict=true gt_gap=14.825m,18.341744866012355,-14.795237067957897,240.0127245755339
537.4875,proximity_detection,id=485 verdict=true gt_gap=14.907m,18.342689116983454,-14.251008475843925,240.55729679202264
538.515,proximity_detection,id=486 verdict=true gt_gap=14.909m,18.356198061766808,-13.73304252323272,241.0755299377047
539.6655,proximity_detection,id=487 verdict=true gt_gap=14.916m,18.366894795942635,-13.201174565308907,241.60754456382278
540.6185,proximity_detection,id=488 verdict=true gt_gap=14.900m,18.36347090334573,-12.744754075614427,242.06399134581446
541.712,proximity_detection,id=489 verdict=true gt_gap=15.006m,18.358347522581017,-12.235707852580939,242.5730670387454
542.6705,proximity_detection,id=490 verdict=true gt_gap=14.936m,18.36706026768575,-11.809098092350704,242.9998043769115
543.681,proximity_detection,id=491 verdict=true gt_gap=14.788m,18.40278104741341,-11.36995985805567,243.44046545291965
544.638,proximity_detection,id=492 verdict=true gt_gap=14.817m,18.47112067924052,-10.939625906422501,243.87623675279082
545.4865,proximity_detection,id=493 verdict=true gt_gap=14.732m,18.55350326572271,-10.536559538329913,244.28765570691226
546.6375,proximity_detection,id=494 verdict=true gt_gap=14.692m,18.678648371796037,-10.00695651619548,244.83207645253458
547.433,proximity_detection,id=495 verdict=true gt_gap=14.609m,18.742436700340427,-9.679863853536327,245.1658251315831
548.6145,proximity_detection,id=496 verdict=true gt_gap=14.599m,18.843262491266216,-9.143079482160296,245.71221909802372
549.437,proximity_detection,id=497 verdict=true gt_gap=14.572m,18.921741915751074,-8.687881958911339,246.17456697454313
550.64,proximity_detection,id=498 verdict=true gt_gap=14.517m,19.05203593431609,-8.241778199004203,246.64131418481455
551.4725,proximity_detection,id=245 verdict=true gt_gap=0.044m,19.112572521621647,-7.886323635219704,247.0019933016847
552.77,proximity_detection,id=500 verdict=true gt_gap=14.479m,19.21466146200394,-7.30802859971985,247.58978305595372
553.7605,proximity_detection,id=501 verdict=true gt_gap=14.368m,19.286056932374954,-6.875189561027161,248.0285250516982
554.668,proximity_detection,id=502 verdict=true gt_gap=14.189m,19.387034177321837,-6.442249676909291,248.4731305902791
555.7255,proximity_detection,id=503 verdict=true gt_gap=14.262m,19.5015562211967,-5.972550665321086,248.95667055267455
557.003,proximity_detection,id=504 verdict=true gt_gap=14.387m,19.61448863029788,-5.378739703563,249.5610589365801
557.849,proximity_detection,id=505 verdict=true gt_gap=14.210m,19.68061154436842,-4.99654341842151,249.94917538140345
559.012,proximity_detection,id=506 verdict=true gt_gap=14.336m,19.787306356144764,-4.467092160914785,250.48941308146215
560.023,proximity_detection,id=507 verdict=true gt_gap=14.336m,19.89858986616704,-3.9960174880804398,250.97345855782928
561.051,proximity_detection,id=508 verdict=true gt_gap=14.240m,20.00096653542616,-3.5395581329071026,251.441271557216
562.0535,proximity_detection,id=509 verdict=true gt_gap=14.317m,20.09629780279597,-3.0744978734028994,251.91601886156172
562.9365,proximity_detection,id=256 verdict=true gt_gap=0.047m,20.17756652512593,-2.7475968921847453,252.25303719139677
564.193,proximity_detection,id=511 verdict=true gt_gap=14.112m,20.351231628387048,-2.350986959743289,252.68667347969284
565.198,proximity_detection,id=512 verdict=true gt_gap=13.880m,20.574276992948736,-2.0534617002328304,253.0592509601965
566.1455,proximity_detection,id=513 verdict=true gt_gap=13.685m,20.90016551758345,-1.7654593596348955,253.49486486678853
567.145,proximity_detection,id=514 verdict=true gt_gap=13.623m,21.30330749703248,-1.4980431256369526,253.97891444103206
567.9805,proximity_detection,id=1 verdict=unknown gt_gap=nanm,21.649475494353513,-1.3032546328753067,254.3761604839101
569.132,proximity_detection,id=1 verdict=unknown gt_gap=nanm,22.121772931927186,-1.0658988351053629,254.90485234564733
570.004,proximity_detection,id=1 verdict=unknown gt_gap=nanm,22.479451051825592,-0.9011345810157958,255.2986937133182
571.0735,proximity_detection,id=1 verdict=unknown gt_gap=nanm,22.96080745153198,-0.7150303379779642,255.81485803844038
572.1745,proximity_detection,id=1 verdict=unknown gt_gap=nanm,23.457376204984506,-0.5411971951117777,256.34104584762883
573.3335,proximity_detection,id=1 verdict=unknown gt_gap=nanm,23.99513825306384,-0.3548515842196695,256.9102203045079
574.1395,proximity_detection,id=1 verdict=unknown gt_gap=nanm,24.354906928980693,-0.23846702379339413,257.2884022292744
575.1335,proximity_detection,id=1 verdict=unknown gt_gap=nanm,24.772035286544668,-0.11880226940839217,257.72252845707834
576.232,proximity_detection,id=1 verdict=unknown gt_gap=nanm,25.265714328419236,-0.011604033626022673,258.2278982682498
577.385,proximity_detection,id=1 verdict=unknown gt_gap=nanm,25.792063749797318,0.07761362604052288,258.76182983609084
578.1985,proximity_detection,id=1 verdict=unknown gt_gap=nanm,26.178067085110154,0.14422749477675212,259.15356147528377
579.2075,proximity_detection,id=1 verdict=unknown gt_gap=nanm,26.614256862283074,0.22404235262057037,259.5970878973599
580.2205,proximity_detection,id=1 verdict=unknown gt_gap=nanm,27.04085355775169,0.27805290327022114,260.02711905728535
581.3675,proximity_detection,id=1 verdict=unknown gt_gap=nanm,27.567161778833682,0.3141853838788041,260.55478975980225
582.1805,proximity_detection,id=1 verdict=unknown gt_gap=nanm,27.9601830603399,0.3233552733056866,260.94794220228187
583.2495,proximity_detection,id=1 verdict=unknown gt_gap=nanm,28.461721440501314,0.3273973555373331,261.44951228403056
584.2805,proximity_detection,id=1 verdict=unknown gt_gap=nanm,28.97626801235033,0.333590032116822,261.96411025638736
585.4615,proximity_detection,id=1 verdict=unknown gt_gap=nanm,29.506103239318357,0.3332987490223903,262.4939815897158
586.352,proximity_detection,id=1 verdict=unknown gt_gap=nanm,29.911132308945287,0.3180710553135817,262.89936004594875
587.6435,proximity_detection,id=1 verdict=unknown gt_gap=nanm,30.49108543485876,0.2739395618988971,263.4811493787553
588.647,proximity_detection,id=1 verdict=unknown gt_gap=nanm,30.964296271739915,0.25951956975427787,263.9546331784156
589.661,proximity_detection,id=1 verdict=unknown gt_gap=nanm,31.460984470138666,0.25039081479864717,264.45148603966385
590.6995,proximity_detection,id=537 verdict=true gt_gap=12.772m,31.949251518971998,0.23590648808414622,264.9400251708702
591.5925,proximity_detection,id=1 verdict=unknown gt_gap=nanm,32.38369562259759,0.21131048252117676,265.3751817493087
592.5905,proximity_detection,id=539 verdict=true gt_gap=12.904m,32.57710373406617,0.20377592232818506,265.5717280532713
593.684,proximity_detection,id=540 verdict=true gt_gap=12.745m,32.5758184851912,0.20383180715875257,265.5730141831803
